correct,shoulder,hip,ankle
True,163.19818878173828,101.27083492279053,88.94645690917969
True,162.90052032470703,102.18237781524658,88.85455322265625
True,163.29519653320312,102.03370380401611,88.80210876464844
True,163.6368408203125,101.54654884338379,88.83503723144531
True,164.03050994873047,102.51325225830078,89.89861297607422
True,164.12647247314453,101.94613933563232,89.00521850585938
True,164.00518035888672,101.9793872833252,88.7281265258789
True,163.59322357177734,102.12992572784424,88.53839874267578
True,164.2295150756836,102.13847064971924,88.62838745117188
True,164.03874969482422,102.97154140472412,89.54239654541016
True,163.79743194580078,101.91981506347656,88.08892822265625
True,163.21774291992188,101.92173767089844,88.59359741210938
True,163.76567840576172,102.9204454421997,88.50479125976562
True,164.26754760742188,102.95156288146973,90.04841613769531
True,164.27227783203125,102.61303424835205,89.93246459960938
True,164.22245025634766,101.94470596313477,89.13980102539062
True,164.69609832763672,102.58728313446045,90.42813873291016
True,165.0536651611328,101.69064903259277,89.0782470703125
True,165.1923370361328,101.97363090515137,88.76864624023438
True,164.90050506591797,102.39315128326416,89.04981231689453
True,164.80999755859375,104.88903903961182,90.91614532470703
True,164.06836700439453,106.46673393249512,92.70272064208984
True,163.84718322753906,107.1427698135376,94.2210464477539
True,163.3731231689453,108.87533187866211,95.59599304199219
True,162.03985595703125,111.00771522521973,97.68424987792969
True,163.4791717529297,113.3475570678711,99.4244384765625
True,164.91852569580078,117.05291175842285,102.96194458007812
True,165.69693756103516,116.27147102355957,102.20862579345703
True,166.68498992919922,113.93005180358887,99.00067138671875
True,165.06664276123047,114.08808517456055,100.49954223632812
True,164.21257781982422,114.42947387695312,101.6864013671875
True,164.20641326904297,115.54629516601562,102.09263610839844
True,164.0284194946289,117.81192779541016,103.89275360107422
True,164.7064208984375,116.12861251831055,101.46389770507812
True,165.01666259765625,116.0572566986084,101.68986511230469
True,164.46575927734375,115.48541450500488,100.69669342041016
True,165.11415100097656,115.00387573242188,99.77417755126953
True,165.43771362304688,115.0816879272461,100.48675537109375
True,164.59388732910156,114.17997741699219,98.75511169433594
True,164.49063110351562,114.00396919250488,99.67593383789062
True,164.74966430664062,114.78958511352539,100.5278549194336
True,163.3240737915039,120.12898254394531,107.13896179199219
True,163.18291473388672,118.86920166015625,106.4908447265625
True,161.46472930908203,118.71758842468262,105.97407531738281
True,161.05941772460938,117.69402122497559,104.77850341796875
True,161.1280517578125,116.41533088684082,104.49726867675781
True,161.73499298095703,115.23138809204102,102.837890625
True,161.65188598632812,114.89009094238281,102.67487335205078
True,161.70110321044922,114.0598087310791,101.21250915527344
True,161.98001861572266,114.03064918518066,101.38308715820312
True,161.63674926757812,114.56466102600098,101.90003967285156
True,161.66961669921875,114.49150466918945,101.9198989868164
True,161.52235412597656,115.33310127258301,101.05377197265625
True,161.5259780883789,115.15754127502441,101.72180938720703
True,161.8600311279297,113.9633960723877,100.7252197265625
True,159.9727783203125,114.69771957397461,101.0427017211914
True,161.61678314208984,114.45949172973633,102.3084487915039
True,159.3264923095703,113.59201240539551,102.32537841796875
True,160.60317993164062,110.43545341491699,98.37032318115234
True,161.49356842041016,108.39647197723389,95.48087310791016
True,162.9784698486328,107.47253608703613,93.91987609863281
True,163.04351043701172,109.28053855895996,95.02071380615234
True,162.7579345703125,108.4487247467041,95.41849517822266
True,162.92569732666016,109.58387184143066,96.36759948730469
True,164.45496368408203,107.94548034667969,94.12353515625
True,165.38257598876953,108.46088981628418,94.18527221679688
True,165.4258041381836,105.98875045776367,93.19855499267578
True,165.5278091430664,106.61801433563232,92.67852020263672
True,165.58885955810547,105.80956649780273,91.67395782470703
True,165.35220336914062,105.43043518066406,91.27595520019531
True,164.9854278564453,104.02682781219482,90.07918548583984
True,164.5472412109375,104.34245586395264,89.98199462890625
True,164.3605194091797,105.23405838012695,90.60443878173828
True,161.70403289794922,105.25465679168701,91.23687744140625
True,162.7873764038086,106.66638851165771,92.28314208984375
True,163.85343170166016,108.03375244140625,92.888671875
True,163.115966796875,111.58272743225098,96.90631103515625
True,162.67459869384766,113.60260772705078,98.39772033691406
True,165.21634674072266,115.14483833312988,98.96326446533203
True,166.40995025634766,120.90242004394531,104.42327117919922
True,164.24716186523438,118.22566032409668,101.39714050292969
True,164.32402801513672,117.19284057617188,98.85629272460938
True,164.63824462890625,117.7137451171875,97.57624816894531
True,165.41957092285156,120.62183570861816,103.41123962402344
True,168.64755249023438,118.31196784973145,101.29132080078125
True,168.60514068603516,114.08019638061523,99.18034362792969
True,164.59119415283203,113.19838905334473,97.71823120117188
True,164.86074829101562,113.474609375,97.40856170654297
True,161.98171997070312,114.89327621459961,97.11693572998047
True,161.93893432617188,112.03376770019531,93.94218444824219
True,162.22727966308594,114.06209373474121,90.09036254882812
True,161.9381103515625,114.05545997619629,91.44273376464844
True,163.6160125732422,114.28192710876465,89.9722671508789
True,163.49468231201172,112.85027885437012,95.92265319824219
True,165.32245635986328,115.10111427307129,100.32380676269531
True,166.74745178222656,115.29391288757324,101.05982208251953
True,165.72454071044922,115.28034400939941,100.12889862060547
True,166.2331771850586,111.91402816772461,96.82197570800781
True,166.91437530517578,112.02250480651855,95.85861206054688
True,167.36825561523438,114.39891624450684,95.13971710205078
True,167.47154235839844,113.5743408203125,96.36234283447266
True,164.23639678955078,113.63444328308105,96.8945083618164
True,165.0690460205078,111.70272064208984,95.49776458740234
True,166.02948760986328,112.65008544921875,96.67489624023438
True,167.9719467163086,112.67975807189941,97.0140609741211
True,167.86756134033203,113.4088363647461,98.29764556884766
True,167.6084747314453,122.08264923095703,110.9311752319336
True,166.71922302246094,122.71809959411621,109.89171600341797
True,165.57437896728516,119.94965934753418,106.8024673461914
True,163.5882110595703,116.91544342041016,103.79644775390625
True,163.07470703125,114.36570358276367,102.17963409423828
True,163.82335662841797,109.29526710510254,96.48117065429688
True,164.94256591796875,105.90736198425293,93.64689636230469
True,164.5266876220703,107.2470760345459,93.43994140625
True,164.7759246826172,106.59273624420166,92.87476348876953
True,165.6282501220703,105.17575263977051,91.47747039794922
True,165.8921356201172,103.23200035095215,89.7015609741211
True,166.58859252929688,103.37085056304932,89.94364929199219
True,166.65404510498047,103.83851528167725,89.6161880493164
True,166.5772247314453,103.77009963989258,89.46502685546875
True,166.58850860595703,103.68990993499756,89.42797088623047
True,166.4127197265625,102.09201622009277,88.0028076171875
True,166.0480728149414,104.28782749176025,90.09724426269531
True,166.0378189086914,102.97880840301514,88.57389068603516
True,165.92080688476562,102.94397926330566,88.07919311523438
True,165.936279296875,103.07768249511719,88.7909164428711
True,165.92344665527344,103.3357400894165,89.28204345703125
True,165.74913024902344,103.16224765777588,89.20714569091797
True,165.9521713256836,103.16181659698486,89.1250228881836
True,164.79660034179688,104.75745868682861,90.75753021240234
True,164.5553436279297,103.1291389465332,89.73721313476562
True,164.6406707763672,103.4326639175415,89.64595794677734
True,164.93544006347656,103.49069786071777,89.30615234375
True,164.96488189697266,103.33993339538574,89.59843444824219
True,164.3332061767578,103.91544246673584,89.7290267944336
True,164.43775939941406,101.99462604522705,88.07632446289062
True,164.6316375732422,103.04806900024414,89.61958312988281
True,166.55374145507812,99.62929391860962,94.74372863769531
True,162.51569366455078,102.55767726898193,89.29194641113281
True,161.97333526611328,103.94497013092041,89.28913116455078
True,162.01869201660156,107.94515228271484,91.82723236083984
True,162.1168975830078,108.07853889465332,90.79671478271484
True,162.0231475830078,106.70835494995117,88.6006088256836
True,161.68821716308594,105.92260074615479,86.65303802490234
True,161.84507751464844,106.53008365631104,88.20661926269531
True,161.63977813720703,106.81421947479248,87.4450454711914
True,161.82213592529297,107.64324474334717,87.95765686035156
True,161.90603637695312,107.58815002441406,86.84335327148438
True,161.94845581054688,108.6355504989624,89.1923599243164
True,162.0901870727539,107.9897289276123,88.58901977539062
True,162.18724822998047,107.95138454437256,89.24897003173828
True,162.23140716552734,108.5802412033081,89.96106719970703
True,162.12979888916016,109.10678005218506,90.66229248046875
True,161.87583923339844,108.85751819610596,92.14652252197266
True,162.0382537841797,109.05213642120361,92.01798248291016
True,162.20867919921875,108.16108131408691,87.33613586425781
True,162.86471557617188,109.12423992156982,89.70111083984375
True,162.9637451171875,109.18075466156006,89.7406234741211
True,163.09760284423828,107.72367668151855,88.92993927001953
True,162.9627227783203,107.06673336029053,87.46251678466797
True,163.88577270507812,106.68353271484375,85.9799575805664
True,163.73157501220703,106.96460819244385,87.27056121826172
True,164.95197296142578,106.68026828765869,85.11033630371094
True,164.6725082397461,108.17225551605225,89.48564910888672
True,165.4869842529297,108.11447811126709,88.74642944335938
True,165.05587005615234,108.9684419631958,90.65869903564453
True,165.06968688964844,109.24361991882324,89.80199432373047
True,164.6888198852539,108.74714088439941,88.60491943359375
True,164.87533569335938,108.84533786773682,90.34671020507812
True,164.9250946044922,108.97974395751953,90.91432189941406
True,164.50646209716797,109.81767559051514,93.20631408691406
True,164.72706604003906,108.12958717346191,92.23985290527344
True,163.7505645751953,107.96192264556885,91.98704528808594
True,164.9593734741211,107.39852905273438,91.39482116699219
True,164.35222625732422,107.32907485961914,89.79645538330078
True,164.30653381347656,106.8061466217041,88.68766784667969
True,163.64270782470703,107.31637668609619,89.305419921875
True,163.90737915039062,106.43234348297119,88.5935287475586
True,163.71298217773438,106.32880687713623,88.56554412841797
True,163.88288116455078,104.51126098632812,86.83594512939453
True,164.28813934326172,105.02923774719238,87.4519271850586
True,164.07395935058594,104.61610794067383,86.68397521972656
True,164.09397888183594,104.61948776245117,84.55209350585938
True,164.03099822998047,104.6798963546753,86.30390930175781
True,164.11187744140625,104.77267169952393,86.85962677001953
True,164.70211791992188,107.47213649749756,91.01956176757812
True,164.27598571777344,108.78868293762207,92.95256805419922
True,163.61569213867188,111.66356658935547,96.33375549316406
True,163.71320343017578,111.961669921875,93.94976043701172
True,164.78872680664062,111.82465553283691,95.18910217285156
True,164.40338134765625,111.2297592163086,94.00593566894531
True,163.75340270996094,111.85955047607422,95.01372528076172
True,164.07747650146484,113.02982330322266,95.91439819335938
True,164.89644622802734,113.43048667907715,95.64722442626953
True,164.97846221923828,111.61108112335205,93.80371856689453
True,164.45562744140625,112.76067924499512,95.93083190917969
True,164.17823028564453,112.59110832214355,94.99983215332031
True,163.27157592773438,111.48363876342773,90.3044662475586
True,162.31890106201172,111.49446296691895,89.25567626953125
True,161.3626251220703,111.97418212890625,88.4835433959961
True,160.8561553955078,112.5054702758789,89.6115493774414
True,160.77445220947266,112.60205745697021,92.48135375976562
True,161.11647033691406,112.09487247467041,90.01837158203125
True,161.22708892822266,109.31933689117432,88.02111053466797
True,161.48219299316406,109.66999340057373,89.89871215820312
True,161.3138656616211,110.39181900024414,91.29512023925781
True,161.17292022705078,111.55878639221191,93.37264251708984
True,161.21461486816406,111.83225917816162,91.49124145507812
True,161.3682098388672,111.48082160949707,90.86256408691406
True,161.88754272460938,111.17544555664062,92.59175872802734
True,162.70692443847656,110.22871017456055,91.65752410888672
True,162.96234130859375,111.1349687576294,93.35553741455078
True,163.6207504272461,108.85904502868652,91.28375244140625
True,163.63198852539062,107.20734882354736,89.75826263427734
True,164.04033660888672,105.4532880783081,87.34388732910156
True,164.0574722290039,105.59537696838379,87.41407012939453
True,164.24078369140625,104.76269149780273,85.98267364501953
True,164.52977752685547,104.48348045349121,85.92472839355469
True,165.34461975097656,104.97201538085938,86.46640014648438
True,165.38365173339844,104.51115226745605,86.38505554199219
True,165.2083969116211,104.32966709136963,86.31729888916016
True,165.14639282226562,104.96066856384277,86.96298217773438
True,165.37798309326172,105.08471012115479,87.06455993652344
True,165.50218200683594,105.7606840133667,87.69886016845703
True,165.39141845703125,104.9496717453003,87.0206298828125
True,165.48368072509766,105.32728290557861,87.37657165527344
True,165.25269317626953,105.11228370666504,87.23562622070312
True,165.53939056396484,105.33047389984131,87.40332794189453
True,165.6517562866211,105.7326431274414,86.34961700439453
True,165.86157989501953,105.48943614959717,86.32612609863281
True,165.87915802001953,105.33339309692383,87.11834716796875
True,165.7688446044922,104.16415500640869,86.2489013671875
True,165.99373626708984,104.38080787658691,86.2142562866211
True,166.01940155029297,104.4989070892334,86.43567657470703
True,165.8640594482422,104.25404262542725,86.05441284179688
True,165.8052978515625,104.53368949890137,86.0463638305664
True,165.45989227294922,104.64953136444092,86.30843353271484
True,165.46788024902344,104.98598098754883,86.84317016601562
True,165.69757843017578,105.31643390655518,87.13471984863281
True,165.6596908569336,105.43574142456055,87.324462890625
True,165.3688201904297,105.4159631729126,87.53137969970703
True,165.16737365722656,108.20244789123535,90.54820251464844
True,164.90574645996094,111.57488059997559,93.55979919433594
True,164.194580078125,111.68747806549072,92.88890838623047
True,165.3191680908203,113.10476684570312,92.37268829345703
True,169.76109313964844,112.29707336425781,93.42695617675781
True,168.51827239990234,111.11198997497559,93.99262237548828
True,171.51048278808594,110.54565238952637,93.91590881347656
True,171.8592529296875,109.61695766448975,93.4011001586914
True,172.52955627441406,109.53120994567871,93.33392333984375
True,171.57337951660156,109.3311414718628,90.60588073730469
True,171.57656860351562,109.5502576828003,93.12055969238281
True,171.36717224121094,109.82194137573242,91.85218811035156
True,169.78121948242188,109.24833393096924,92.197021484375
True,169.1983642578125,109.59874820709229,92.46292114257812
True,162.5872802734375,112.62899398803711,93.40554809570312
True,164.6307601928711,112.32046127319336,91.1805191040039
True,164.0083236694336,112.67136573791504,93.53738403320312
True,163.20145416259766,113.0114917755127,92.19517517089844
True,161.84451293945312,116.27437019348145,94.87731170654297
True,161.39636993408203,115.7580623626709,96.99042510986328
True,159.88360595703125,116.98932647705078,98.30050659179688
True,160.20584106445312,113.55610466003418,95.27470397949219
True,160.4092559814453,112.78988265991211,94.44951629638672
True,160.1500473022461,112.65125179290771,95.0964126586914
True,160.27095794677734,113.15385818481445,95.84310913085938
True,160.50973510742188,112.96179962158203,95.78687286376953
True,160.8401641845703,112.44168949127197,95.79985809326172
True,163.0157928466797,112.73602676391602,96.13090515136719
True,164.64453887939453,111.0086441040039,95.00394439697266
True,164.7452163696289,112.1878547668457,96.36874389648438
True,165.1314697265625,111.7921028137207,95.63787078857422
True,165.1618881225586,110.53921794891357,94.09859466552734
True,164.04894256591797,109.0386610031128,90.7612075805664
True,163.9484100341797,107.2502269744873,88.1082763671875
True,165.14344787597656,106.42055988311768,90.2166748046875
True,166.4224395751953,104.11696147918701,86.07362365722656
True,166.61167907714844,103.88141059875488,86.24070739746094
True,166.31021118164062,103.96190738677979,85.48588562011719
True,168.05780029296875,105.36665058135986,86.26760864257812
True,168.5379867553711,104.53039646148682,84.79447937011719
True,168.46868133544922,104.34874820709229,84.82699584960938
True,166.7169952392578,105.45117950439453,86.02483367919922
True,167.04239654541016,105.34015941619873,86.00534057617188
True,166.99880981445312,104.62985038757324,84.79707336425781
True,167.3580780029297,104.55025959014893,84.32225799560547
True,166.7680435180664,105.78920459747314,85.9854736328125
True,167.12882232666016,105.97129535675049,86.63126373291016
True,166.1958999633789,108.48495101928711,90.06697082519531
True,166.8082733154297,108.68320178985596,91.93769836425781
True,166.98257446289062,108.02592945098877,88.75271606445312
True,166.12413024902344,107.60459423065186,88.47731018066406
True,165.35736846923828,107.08293056488037,87.97657012939453
True,165.52339935302734,106.6778736114502,88.11487579345703
True,164.55587768554688,105.30971717834473,86.98074340820312
True,163.14915466308594,104.9232759475708,87.02877044677734
True,161.6519546508789,105.00792503356934,86.87416076660156
True,160.86646270751953,104.49835300445557,87.73770141601562
True,160.20191955566406,104.30811214447021,85.64287567138672
True,159.693359375,105.17363834381104,88.37477111816406
True,159.61652374267578,105.25135803222656,88.62602233886719
True,159.18582916259766,105.82322883605957,87.86429595947266
True,159.6658477783203,105.85127830505371,87.82719421386719
False,174.03194427490234,88.03439140319824,94.00978088378906
False,173.94813537597656,88.8892822265625,95.41767120361328
False,174.03356170654297,89.3739423751831,95.66149139404297
False,173.7070083618164,89.8395414352417,95.4547119140625
False,173.6927490234375,89.27870464324951,94.99665832519531
False,173.91217803955078,89.49854469299316,94.64956665039062
False,174.18999481201172,88.79553699493408,94.8236083984375
False,174.17278289794922,88.72569465637207,94.926025390625
False,173.9081268310547,88.02979278564453,94.83087921142578
False,173.40421295166016,88.44090557098389,95.1579818725586
False,172.91504669189453,88.34067916870117,94.79476928710938
False,171.57024383544922,88.57324504852295,94.83831787109375
False,169.74118041992188,89.57642459869385,95.93020629882812
False,168.06107330322266,89.90795040130615,95.862548828125
False,167.26451873779297,90.30621814727783,95.82978057861328
False,166.71728515625,90.62672519683838,96.09943389892578
False,166.6064224243164,90.3562879562378,95.1979751586914
False,166.26414489746094,90.40070533752441,95.5894546508789
False,166.30707550048828,90.83135795593262,95.86251831054688
False,166.7281036376953,90.30439186096191,94.9763412475586
False,166.9312515258789,90.12203311920166,95.73479461669922
False,167.52481842041016,90.33186054229736,96.35186004638672
False,167.48665618896484,90.20270252227783,96.12982177734375
False,167.76245880126953,90.2063455581665,95.99404907226562
False,168.7670440673828,89.43156433105469,93.77215576171875
False,169.2744598388672,89.66592025756836,94.95610809326172
False,168.77748107910156,90.09716415405273,94.98363494873047
False,168.0885238647461,90.99523448944092,95.48438262939453
False,166.68804931640625,91.48528003692627,94.3760757446289
False,165.71341705322266,91.66307640075684,91.99211883544922
False,165.76544952392578,92.43874454498291,92.72169494628906
False,165.58372497558594,94.02099418640137,93.82756042480469
False,163.96521759033203,94.93931579589844,94.19400024414062
False,166.20084381103516,95.46643447875977,94.02986145019531
False,165.9049301147461,94.7177791595459,92.79688262939453
False,166.05755615234375,94.52939319610596,92.63731384277344
False,166.19791412353516,96.48772430419922,94.87662506103516
False,166.65865325927734,97.18361568450928,96.24095153808594
False,166.57471466064453,97.23931884765625,93.6605453491211
False,166.57708740234375,97.76938819885254,93.92874145507812
False,167.0520782470703,97.23745155334473,94.72969055175781
False,166.7138442993164,95.88195037841797,95.92094421386719
False,168.1905288696289,90.8864278793335,94.40458679199219
False,168.17373657226562,91.02944660186768,94.76242065429688
False,169.31651306152344,89.83365821838379,93.99957275390625
False,168.80632781982422,88.97496032714844,94.37158203125
False,169.23025512695312,88.1880350112915,93.74224090576172
False,169.08223724365234,88.52064037322998,93.47164154052734
False,169.16913604736328,88.49851703643799,93.14502716064453
False,168.84854125976562,88.91808414459229,93.89692687988281
False,168.26947784423828,89.92833709716797,93.38707733154297
False,167.13612365722656,90.41602420806885,93.04522705078125
False,166.36366271972656,94.37758159637451,96.23438262939453
False,168.13327026367188,96.71138954162598,95.64602661132812
False,168.00029754638672,97.38539695739746,94.8446044921875
False,167.45098876953125,98.01502418518066,95.58587646484375
False,167.83475494384766,97.35007095336914,96.68453216552734
False,169.0005340576172,98.73286056518555,98.12159729003906
False,171.15448760986328,100.66193389892578,99.3779525756836
False,170.80840301513672,100.74331855773926,100.3449478149414
False,169.73577880859375,101.99296951293945,99.5650634765625
False,169.69796752929688,103.35913467407227,100.54468536376953
False,170.05371856689453,104.29227256774902,100.9511947631836
False,169.85169982910156,104.31805419921875,99.84516143798828
False,170.4303970336914,104.31096267700195,99.35662841796875
False,170.57858276367188,103.99670791625977,98.78034210205078
False,170.93002319335938,103.97115516662598,98.02891540527344
False,170.48858642578125,104.75037384033203,98.09488677978516
False,169.8095245361328,105.62804985046387,98.4970703125
False,169.3835220336914,108.38444519042969,98.54460906982422
False,169.68283081054688,109.508544921875,98.19386291503906
False,169.35286712646484,109.4126091003418,97.79022979736328
False,168.53225708007812,108.11452674865723,96.18572235107422
False,167.8570327758789,108.33599472045898,96.19525146484375
False,166.88072967529297,106.33272171020508,94.42149353027344
False,165.86107635498047,107.07036399841309,95.57820129394531
False,157.28981018066406,105.99243927001953,95.06891632080078
False,156.83914947509766,103.09241676330566,95.4293212890625
False,159.55806732177734,101.71964645385742,95.66336822509766
False,160.20425415039062,103.91182899475098,98.88420867919922
False,164.10226440429688,102.26522064208984,99.15953826904297
False,166.56244659423828,100.3614559173584,97.72774505615234
False,163.27369689941406,99.19365501403809,95.99947357177734
False,165.11568450927734,97.81627464294434,94.88194274902344
False,165.68474578857422,96.7858772277832,94.88456726074219
False,167.7862091064453,95.92966556549072,94.13080596923828
False,169.2041778564453,95.13956832885742,93.5076675415039
False,167.62250518798828,94.43495464324951,91.03343963623047
False,169.88525390625,93.59435081481934,88.8941879272461
False,169.80255889892578,92.66567516326904,89.24359893798828
False,169.19933319091797,92.17938232421875,88.24237060546875
False,170.01815032958984,90.94402980804443,90.7216567993164
False,170.40592193603516,90.77166557312012,91.65841674804688
False,170.89405822753906,90.7000904083252,91.18777465820312
False,168.99469757080078,90.8479471206665,91.68798828125
False,171.67887115478516,89.26797676086426,89.44157409667969
False,171.3522720336914,90.33589172363281,93.36238861083984
False,174.65621948242188,88.51088619232178,91.69216918945312
False,174.14421844482422,86.8792667388916,90.93782806396484
False,173.94700622558594,85.66312980651855,90.79669189453125
False,174.32134246826172,83.71763801574707,90.3902587890625
False,175.7432632446289,81.86094760894775,90.60298156738281
False,175.80340576171875,80.09987878799438,90.6266098022461
False,177.07870483398438,79.61567115783691,90.76133728027344
False,177.37235260009766,79.85366344451904,90.98597717285156
False,176.9344482421875,79.37660455703735,91.58009338378906
False,178.58953857421875,78.83236742019653,91.16494750976562
False,177.6747817993164,78.77420616149902,91.15469360351562
False,177.6267852783203,77.8798360824585,89.69786834716797
False,177.90003967285156,78.060791015625,89.7432632446289
False,177.3839111328125,78.23204278945923,90.20555114746094
False,177.4767303466797,78.53889608383179,90.4537124633789
False,176.90626525878906,81.18091297149658,92.0780029296875
False,176.1767349243164,83.22778701782227,93.15594482421875
False,175.94884490966797,82.57461166381836,90.978515625
False,174.10330963134766,83.59095096588135,91.88569641113281
False,173.08959197998047,83.58887195587158,89.40304565429688
False,173.05280303955078,83.5289626121521,91.83670043945312
False,172.94388580322266,82.61726140975952,91.31864929199219
False,174.0661849975586,84.14892864227295,94.69282531738281
False,173.6444091796875,83.10836362838745,93.2931137084961
False,173.5193634033203,82.89094114303589,92.49115753173828
False,174.53749084472656,82.8554458618164,92.5109634399414
False,174.79750061035156,82.37710285186768,91.94908142089844
False,175.26519012451172,81.69345331192017,91.78701782226562
False,175.47293090820312,81.7176308631897,92.13265991210938
False,175.77272033691406,81.62112283706665,92.53567504882812
False,176.53526306152344,81.06906604766846,92.19071197509766
False,178.25204467773438,79.37657880783081,90.93362426757812
False,179.41659545898438,78.54678440093994,89.67210388183594
False,179.91900634765625,79.43109226226807,91.35348510742188
False,179.07699584960938,78.15689086914062,90.48992919921875
False,178.99671936035156,81.12003517150879,92.58859252929688
False,179.7804412841797,78.24131202697754,90.8592529296875
False,179.1933822631836,78.07155418395996,91.3376693725586
False,179.8298110961914,79.38146591186523,92.92145538330078
False,179.82662200927734,79.5246353149414,90.84493255615234
False,179.67696380615234,77.77931499481201,88.75874328613281
False,179.61314392089844,80.00798225402832,89.7967300415039
False,176.18135833740234,86.92072296142578,22.938491821289062
False,178.30921936035156,90.05724620819092,75.44046020507812
False,179.8022918701172,91.0187635421753,82.06031036376953
False,179.54803466796875,90.21150207519531,77.34998321533203
False,177.90797424316406,92.16326999664307,70.63861083984375
False,177.33695220947266,94.03217315673828,72.02274322509766
False,177.02078247070312,94.9780330657959,78.84080505371094
False,177.40235900878906,95.78314781188965,79.993896484375
False,177.03759765625,95.69240856170654,78.27661895751953
False,176.3749542236328,95.8795280456543,78.61514282226562
False,176.28937530517578,95.72500419616699,80.46095275878906
False,176.2041778564453,96.40248107910156,81.89667510986328
False,174.7090606689453,95.90377998352051,81.65909576416016
False,167.79187774658203,96.58497619628906,83.4203872680664
False,158.89449310302734,97.07810974121094,87.39815521240234
False,154.71011352539062,97.12116622924805,87.78376770019531
False,153.50070190429688,96.92512512207031,86.93270111083984
False,151.02274322509766,96.5244255065918,85.56404876708984
False,150.47632598876953,96.6949577331543,86.57429504394531
False,150.55529022216797,96.94012641906738,87.8219985961914
False,151.1158447265625,99.01156425476074,89.07796478271484
False,151.46112060546875,99.45442962646484,89.21117401123047
False,151.6417236328125,99.55014419555664,88.04055786132812
False,151.31084442138672,99.88381004333496,90.8738021850586
False,151.67047119140625,99.8935432434082,90.48380279541016
False,151.3655548095703,99.78053665161133,91.01050567626953
False,146.79293823242188,99.92382621765137,91.0396728515625
False,142.17697143554688,97.1087818145752,87.2631607055664
False,138.00782775878906,96.84852981567383,85.75086212158203
False,135.53897857666016,96.4768123626709,88.19882202148438
False,132.9442138671875,96.03654098510742,88.68053436279297
False,126.80461120605469,94.97458076477051,88.53096771240234
False,121.87948608398438,93.03997325897217,86.60279083251953
False,117.00901794433594,90.87738609313965,84.32450103759766
False,115.62932586669922,90.33076286315918,80.86599731445312
False,112.88356018066406,89.76036930084229,79.43295288085938
False,113.00972747802734,89.35952663421631,78.7972412109375
False,112.37429809570312,89.2879581451416,84.4569320678711
False,112.48287200927734,89.36965942382812,83.27993774414062
False,114.13349151611328,89.2455415725708,84.76774597167969
False,115.57084655761719,90.92108917236328,82.90508270263672
False,121.67124938964844,91.07884693145752,85.60781860351562
False,130.31849670410156,91.41594409942627,82.81526184082031
False,136.23240661621094,91.42406368255615,85.78497314453125
False,144.59115600585938,91.22598934173584,85.10087585449219
False,148.384765625,92.63202381134033,87.18029022216797
False,152.65432739257812,93.87748050689697,83.65314483642578
False,154.50013732910156,97.04086303710938,89.35272979736328
False,158.7790985107422,94.76583957672119,83.5681381225586
False,163.23336791992188,95.05786037445068,83.02301025390625
False,164.94056701660156,95.1854019165039,85.71383666992188
False,167.78040313720703,94.1479721069336,81.02423095703125
False,169.63407135009766,94.3620958328247,83.18065643310547
False,171.44032287597656,94.4574785232544,81.30963897705078
False,172.1634750366211,95.14112186431885,83.36128997802734
False,172.19573974609375,95.46819686889648,83.15255737304688
False,172.4812774658203,98.01214694976807,85.12528228759766
False,173.3479461669922,98.15406322479248,85.48519134521484
False,172.3498306274414,98.6442174911499,85.79534149169922
False,173.42938232421875,98.6198902130127,85.93032836914062
False,174.6824188232422,98.96942901611328,86.61003112792969
False,175.3785629272461,98.33323669433594,85.95513153076172
False,176.21784210205078,96.57197952270508,84.36225128173828
False,176.33525848388672,96.50937271118164,84.94100952148438
False,175.71692657470703,96.17093849182129,82.82305908203125
False,175.55805206298828,96.84241771697998,83.43189239501953
False,176.4073257446289,97.08017063140869,85.63101196289062
False,176.12291717529297,98.7338638305664,87.66779327392578
False,174.44632720947266,97.08816242218018,84.48873138427734
False,169.69467163085938,97.2503137588501,86.61747741699219
False,167.87147521972656,96.21471977233887,87.97893524169922
False,166.55690002441406,99.37438201904297,91.41153717041016
False,168.80406188964844,102.09284019470215,97.1751480102539
False,168.9626922607422,104.8072681427002,99.57453918457031
False,168.54090118408203,101.64523887634277,94.686279296875
False,165.87489318847656,100.94965934753418,94.65995788574219
False,164.43043518066406,100.4202938079834,94.28395080566406
False,163.5860824584961,100.25533103942871,93.92852020263672
False,163.81742095947266,100.79086112976074,94.81157684326172
False,162.0342254638672,101.7283992767334,94.60027313232422
False,162.09589385986328,103.3026065826416,97.30136108398438
False,162.22486114501953,104.29037857055664,98.7967529296875
False,162.39293670654297,99.90545845031738,93.80768585205078
False,160.76630401611328,100.22735023498535,95.01390838623047
False,160.06309509277344,97.29940223693848,90.02177429199219
False,160.6306381225586,96.58611488342285,87.92243957519531
False,161.91058349609375,94.45170307159424,85.07138061523438
False,163.69144439697266,95.17645835876465,85.18013763427734
False,166.27236938476562,95.29651737213135,87.74449920654297
False,168.48188018798828,94.8583345413208,84.91041564941406
False,169.656005859375,94.89855766296387,86.4099349975586
False,169.90210723876953,95.14452075958252,88.80683135986328
False,169.95374298095703,95.32428646087646,90.93036651611328
False,170.76266479492188,93.87040519714355,89.37601470947266
False,170.03800201416016,93.85065078735352,89.02430725097656
False,167.2239532470703,94.57605266571045,89.87035369873047
False,164.85763549804688,92.54985618591309,87.12674713134766
False,161.15888214111328,91.68605899810791,86.01460266113281
False,152.971435546875,91.02758312225342,85.93716430664062
False,148.8208236694336,91.16157531738281,85.18927001953125
False,144.1697998046875,91.31367874145508,87.59990692138672
False,142.93880462646484,90.97754669189453,86.98491668701172
False,141.8009033203125,91.02167129516602,87.89360809326172
False,140.97430419921875,89.36328315734863,86.69928741455078
False,140.2315444946289,89.12609577178955,86.64935302734375
False,139.69351196289062,87.85311889648438,84.8540267944336
False,139.20008850097656,87.71689414978027,86.23295593261719
False,139.10093688964844,87.60048961639404,87.77462005615234
False,137.32858276367188,87.74270343780518,87.51687622070312
False,137.8680191040039,87.83404541015625,87.2343978881836
False,137.6756591796875,87.90800285339355,83.806884765625
False,137.9676513671875,87.95114135742188,84.8082504272461
False,141.43389892578125,88.07197761535645,84.8275146484375
False,149.5072021484375,87.83391380310059,82.42767333984375
False,155.81556701660156,88.09214496612549,81.69644927978516
False,165.2845916748047,88.44662952423096,81.24638366699219
False,169.6813507080078,88.55528545379639,80.31110382080078
False,172.41807556152344,89.19086456298828,78.13554382324219
False,174.14757537841797,89.40852546691895,78.1182632446289
False,175.46373748779297,89.273118019104,76.89624786376953
False,176.57626342773438,88.87327003479004,76.8828353881836
False,177.34481811523438,89.21217632293701,77.65775299072266
False,178.47051239013672,89.54796981811523,75.78704833984375
False,179.1127471923828,89.12080574035645,72.73602294921875
False,179.2508316040039,90.08309173583984,73.441162109375
False,178.75469207763672,90.18918228149414,78.5618896484375
False,179.09423828125,89.9508466720581,78.1158447265625
False,179.31768798828125,90.55503749847412,75.45557403564453
False,179.09933471679688,90.44497966766357,77.51431274414062
False,178.4530029296875,90.28882122039795,78.62721252441406
False,176.03028869628906,91.0129747390747,81.54269409179688
False,174.15685272216797,90.45329189300537,79.58070373535156
False,171.79269409179688,89.49160099029541,77.91813659667969
False,168.94363403320312,88.99192237854004,79.21625518798828
False,167.76737213134766,88.5560073852539,79.09951782226562
False,164.70377349853516,88.43718814849854,81.45336151123047
False,159.6480255126953,88.53384971618652,81.67049407958984
False,157.13753509521484,90.66187477111816,85.43501281738281
False,155.93707275390625,90.2966423034668,84.22110748291016
False,153.44104766845703,90.95407962799072,86.54058837890625
False,152.45804595947266,91.1600341796875,85.12593078613281
False,151.19593811035156,91.26391506195068,86.42327117919922
False,151.341552734375,91.52550983428955,87.54405212402344
False,151.19068145751953,89.13804626464844,86.30345916748047
False,151.13519287109375,89.06508922576904,82.86178588867188
False,152.29330444335938,88.84100151062012,83.60196685791016
